{"commitInfo":{"timestamp":1582812919430,"userId":"7784911264274441","userName":"babal@microsoft.com","operation":"WRITE","operationParameters":{"mode":"ErrorIfExists","partitionBy":"[\"Date\"]"},"notebook":{"notebookId":"2250437081741076"},"clusterId":"1205-140903-isles770","isolationLevel":"WriteSerializable","isBlindAppend":true}}
{"protocol":{"minReaderVersion":1,"minWriterVersion":2}}
{"metaData":{"id":"4965c44e-8a68-420c-a383-81b521097177","format":{"provider":"parquet","options":{}},"schemaString":"{\"type\":\"struct\",\"fields\":[{\"name\":\"eventdatetime\",\"type\":\"timestamp\",\"nullable\":true,\"metadata\":{}},{\"name\":\"customername\",\"type\":\"string\",\"nullable\":true,\"metadata\":{}},{\"name\":\"address\",\"type\":\"string\",\"nullable\":true,\"metadata\":{}},{\"name\":\"city\",\"type\":\"string\",\"nullable\":true,\"metadata\":{}},{\"name\":\"state\",\"type\":\"string\",\"nullable\":true,\"metadata\":{}},{\"name\":\"zip\",\"type\":\"integer\",\"nullable\":true,\"metadata\":{}},{\"name\":\"productname\",\"type\":\"string\",\"nullable\":true,\"metadata\":{}},{\"name\":\"Date\",\"type\":\"date\",\"nullable\":true,\"metadata\":{}}]}","partitionColumns":["Date"],"configuration":{},"createdTime":1582812914555}}
{"add":{"path":"Date=2020-02-26/part-00000-ccf27e97-529e-4a92-b3a0-1089ae61f10e.c000.snappy.parquet","partitionValues":{"Date":"2020-02-26"},"size":3989,"modificationTime":1582812918000,"dataChange":true,"stats":"{\"numRecords\":100,\"minValues\":{\"eventdatetime\":\"2020-02-26T15:41:05.195Z\",\"customername\":\"idicustomer 0\",\"address\":\"1435 Lake cook rd\",\"city\":\"deerfield\",\"state\":\"IL\",\"zip\":60015,\"productname\":\"product 0\"},\"maxValues\":{\"eventdatetime\":\"2020-02-26T18:25:31.832Z\",\"customername\":\"idicustomer 99\",\"address\":\"1435 Lake cook rd\",\"city\":\"deerfield\",\"state\":\"IL\",\"zip\":60015,\"productname\":\"product 99\"},\"nullCount\":{\"eventdatetime\":0,\"customername\":0,\"address\":0,\"city\":0,\"state\":0,\"zip\":0,\"productname\":0}}"}}
