{"commitInfo":{"timestamp":1582731661470,"userId":"7784911264274441","userName":"babal@microsoft.com","operation":"STREAMING UPDATE","operationParameters":{"outputMode":"Append","queryId":"720e48a8-0d53-4106-8ceb-90d00f91d4f1","epochId":"7"},"notebook":{"notebookId":"2230135565232839"},"clusterId":"1205-140903-isles770","readVersion":7,"isolationLevel":"WriteSerializable","isBlindAppend":true}}
{"txn":{"appId":"720e48a8-0d53-4106-8ceb-90d00f91d4f1","version":7,"lastUpdated":1582731661469}}
{"add":{"path":"Date=2020-02-26/part-00000-ef9a726f-2782-4d38-9ccf-135d9e898117.c000.snappy.parquet","partitionValues":{"Date":"2020-02-26"},"size":2056,"modificationTime":1582731661000,"dataChange":true,"stats":"{\"numRecords\":5,\"minValues\":{\"eventdatetime\":\"2020-02-26T09:40:36.130921-06:00\",\"customername\":\"idicustomer 26\",\"address\":\"1435 Lake cook rd\",\"city\":\"deerfield\",\"state\":\"IL\",\"zip\":\"60015\"},\"maxValues\":{\"eventdatetime\":\"2020-02-26T09:40:36.4422789-06:0�\",\"customername\":\"idicustomer 30\",\"address\":\"1435 Lake cook rd\",\"city\":\"deerfield\",\"state\":\"IL\",\"zip\":\"60015\"},\"nullCount\":{\"eventdatetime\":0,\"customername\":0,\"address\":0,\"city\":0,\"state\":0,\"zip\":0}}"}}
