{"commitInfo":{"timestamp":1582731637017,"userId":"7784911264274441","userName":"babal@microsoft.com","operation":"STREAMING UPDATE","operationParameters":{"outputMode":"Append","queryId":"720e48a8-0d53-4106-8ceb-90d00f91d4f1","epochId":"1"},"notebook":{"notebookId":"2230135565232839"},"clusterId":"1205-140903-isles770","readVersion":1,"isolationLevel":"WriteSerializable","isBlindAppend":true}}
{"txn":{"appId":"720e48a8-0d53-4106-8ceb-90d00f91d4f1","version":1,"lastUpdated":1582731637015}}
{"add":{"path":"Date=2020-02-26/part-00000-79feeb48-f528-440b-9190-31491307e486.c000.snappy.parquet","partitionValues":{"Date":"2020-02-26"},"size":2053,"modificationTime":1582731636000,"dataChange":true,"stats":"{\"numRecords\":1,\"minValues\":{\"eventdatetime\":\"2020-02-26T09:40:31.1437289-06:0\",\"customername\":\"idicustomer 0\",\"address\":\"1435 Lake cook rd\",\"city\":\"deerfield\",\"state\":\"IL\",\"zip\":\"60015\"},\"maxValues\":{\"eventdatetime\":\"2020-02-26T09:40:31.1437289-06:0�\",\"customername\":\"idicustomer 0\",\"address\":\"1435 Lake cook rd\",\"city\":\"deerfield\",\"state\":\"IL\",\"zip\":\"60015\"},\"nullCount\":{\"eventdatetime\":0,\"customername\":0,\"address\":0,\"city\":0,\"state\":0,\"zip\":0}}"}}
