{"commitInfo":{"timestamp":1582731567313,"userId":"7784911264274441","userName":"babal@microsoft.com","operation":"CREATE TABLE","operationParameters":{"isManaged":"false","description":null,"partitionBy":"[\"Date\"]","properties":"{}"},"notebook":{"notebookId":"2230135565232839"},"clusterId":"1205-140903-isles770","isolationLevel":"SnapshotIsolation","isBlindAppend":true}}
{"protocol":{"minReaderVersion":1,"minWriterVersion":2}}
{"metaData":{"id":"a93e23f2-f641-4055-8b70-57df0ff46beb","format":{"provider":"parquet","options":{}},"schemaString":"{\"type\":\"struct\",\"fields\":[{\"name\":\"eventdatetime\",\"type\":\"string\",\"nullable\":true,\"metadata\":{}},{\"name\":\"customername\",\"type\":\"string\",\"nullable\":true,\"metadata\":{}},{\"name\":\"address\",\"type\":\"string\",\"nullable\":true,\"metadata\":{}},{\"name\":\"city\",\"type\":\"string\",\"nullable\":true,\"metadata\":{}},{\"name\":\"state\",\"type\":\"string\",\"nullable\":true,\"metadata\":{}},{\"name\":\"zip\",\"type\":\"string\",\"nullable\":true,\"metadata\":{}},{\"name\":\"Date\",\"type\":\"date\",\"nullable\":true,\"metadata\":{}}]}","partitionColumns":["Date"],"configuration":{},"createdTime":1582731567111}}
