{"commitInfo":{"timestamp":1582731685653,"userId":"7784911264274441","userName":"babal@microsoft.com","operation":"STREAMING UPDATE","operationParameters":{"outputMode":"Append","queryId":"720e48a8-0d53-4106-8ceb-90d00f91d4f1","epochId":"11"},"notebook":{"notebookId":"2230135565232839"},"clusterId":"1205-140903-isles770","readVersion":11,"isolationLevel":"WriteSerializable","isBlindAppend":true}}
{"txn":{"appId":"720e48a8-0d53-4106-8ceb-90d00f91d4f1","version":11,"lastUpdated":1582731685652}}
{"add":{"path":"Date=2020-02-26/part-00000-f731fead-554b-4cb4-9a08-3cf801c76174.c000.snappy.parquet","partitionValues":{"Date":"2020-02-26"},"size":2057,"modificationTime":1582731685000,"dataChange":true,"stats":"{\"numRecords\":5,\"minValues\":{\"eventdatetime\":\"2020-02-26T09:40:37.5608482-06:0\",\"customername\":\"idicustomer 46\",\"address\":\"1435 Lake cook rd\",\"city\":\"deerfield\",\"state\":\"IL\",\"zip\":\"60015\"},\"maxValues\":{\"eventdatetime\":\"2020-02-26T09:40:37.8891818-06:0�\",\"customername\":\"idicustomer 50\",\"address\":\"1435 Lake cook rd\",\"city\":\"deerfield\",\"state\":\"IL\",\"zip\":\"60015\"},\"nullCount\":{\"eventdatetime\":0,\"customername\":0,\"address\":0,\"city\":0,\"state\":0,\"zip\":0}}"}}
