{"commitInfo":{"timestamp":1582731732197,"userId":"7784911264274441","userName":"babal@microsoft.com","operation":"STREAMING UPDATE","operationParameters":{"outputMode":"Append","queryId":"720e48a8-0d53-4106-8ceb-90d00f91d4f1","epochId":"21"},"notebook":{"notebookId":"2230135565232839"},"clusterId":"1205-140903-isles770","readVersion":21,"isolationLevel":"WriteSerializable","isBlindAppend":true}}
{"txn":{"appId":"720e48a8-0d53-4106-8ceb-90d00f91d4f1","version":21,"lastUpdated":1582731732197}}
{"add":{"path":"Date=2020-02-26/part-00000-dedc14a0-a458-4e63-b1a5-f049a6697d10.c000.snappy.parquet","partitionValues":{"Date":"2020-02-26"},"size":2048,"modificationTime":1582731732000,"dataChange":true,"stats":"{\"numRecords\":4,\"minValues\":{\"eventdatetime\":\"2020-02-26T09:40:41.0781972-06:0\",\"customername\":\"idicustomer 96\",\"address\":\"1435 Lake cook rd\",\"city\":\"deerfield\",\"state\":\"IL\",\"zip\":\"60015\"},\"maxValues\":{\"eventdatetime\":\"2020-02-26T09:40:41.2551831-06:0�\",\"customername\":\"idicustomer 99\",\"address\":\"1435 Lake cook rd\",\"city\":\"deerfield\",\"state\":\"IL\",\"zip\":\"60015\"},\"nullCount\":{\"eventdatetime\":0,\"customername\":0,\"address\":0,\"city\":0,\"state\":0,\"zip\":0}}"}}
