{"commitInfo":{"timestamp":1582731711396,"userId":"7784911264274441","userName":"babal@microsoft.com","operation":"STREAMING UPDATE","operationParameters":{"outputMode":"Append","queryId":"720e48a8-0d53-4106-8ceb-90d00f91d4f1","epochId":"18"},"notebook":{"notebookId":"2230135565232839"},"clusterId":"1205-140903-isles770","readVersion":18,"isolationLevel":"WriteSerializable","isBlindAppend":true}}
{"txn":{"appId":"720e48a8-0d53-4106-8ceb-90d00f91d4f1","version":18,"lastUpdated":1582731711395}}
{"add":{"path":"Date=2020-02-26/part-00000-ab4b483b-5b66-44bb-9b6b-af566d97dd86.c000.snappy.parquet","partitionValues":{"Date":"2020-02-26"},"size":2061,"modificationTime":1582731711000,"dataChange":true,"stats":"{\"numRecords\":5,\"minValues\":{\"eventdatetime\":\"2020-02-26T09:40:40.0612226-06:0\",\"customername\":\"idicustomer 81\",\"address\":\"1435 Lake cook rd\",\"city\":\"deerfield\",\"state\":\"IL\",\"zip\":\"60015\"},\"maxValues\":{\"eventdatetime\":\"2020-02-26T09:40:40.3085287-06:0�\",\"customername\":\"idicustomer 85\",\"address\":\"1435 Lake cook rd\",\"city\":\"deerfield\",\"state\":\"IL\",\"zip\":\"60015\"},\"nullCount\":{\"eventdatetime\":0,\"customername\":0,\"address\":0,\"city\":0,\"state\":0,\"zip\":0}}"}}
