{"commitInfo":{"timestamp":1582731703662,"userId":"7784911264274441","userName":"babal@microsoft.com","operation":"STREAMING UPDATE","operationParameters":{"outputMode":"Append","queryId":"720e48a8-0d53-4106-8ceb-90d00f91d4f1","epochId":"16"},"notebook":{"notebookId":"2230135565232839"},"clusterId":"1205-140903-isles770","readVersion":16,"isolationLevel":"WriteSerializable","isBlindAppend":true}}
{"txn":{"appId":"720e48a8-0d53-4106-8ceb-90d00f91d4f1","version":16,"lastUpdated":1582731703662}}
{"add":{"path":"Date=2020-02-26/part-00000-e3f4afeb-1cac-44b5-a226-c2f387c4f2cf.c000.snappy.parquet","partitionValues":{"Date":"2020-02-26"},"size":2062,"modificationTime":1582731703000,"dataChange":true,"stats":"{\"numRecords\":5,\"minValues\":{\"eventdatetime\":\"2020-02-26T09:40:39.3948665-06:0\",\"customername\":\"idicustomer 71\",\"address\":\"1435 Lake cook rd\",\"city\":\"deerfield\",\"state\":\"IL\",\"zip\":\"60015\"},\"maxValues\":{\"eventdatetime\":\"2020-02-26T09:40:39.6276583-06:0�\",\"customername\":\"idicustomer 75\",\"address\":\"1435 Lake cook rd\",\"city\":\"deerfield\",\"state\":\"IL\",\"zip\":\"60015\"},\"nullCount\":{\"eventdatetime\":0,\"customername\":0,\"address\":0,\"city\":0,\"state\":0,\"zip\":0}}"}}
