{"commitInfo":{"timestamp":1582731722199,"userId":"7784911264274441","userName":"babal@microsoft.com","operation":"STREAMING UPDATE","operationParameters":{"outputMode":"Append","queryId":"720e48a8-0d53-4106-8ceb-90d00f91d4f1","epochId":"20"},"notebook":{"notebookId":"2230135565232839"},"clusterId":"1205-140903-isles770","readVersion":20,"isolationLevel":"WriteSerializable","isBlindAppend":true}}
{"txn":{"appId":"720e48a8-0d53-4106-8ceb-90d00f91d4f1","version":20,"lastUpdated":1582731722199}}
{"add":{"path":"Date=2020-02-26/part-00000-fcd5484c-0802-4916-8826-ef39311d5124.c000.snappy.parquet","partitionValues":{"Date":"2020-02-26"},"size":2056,"modificationTime":1582731722000,"dataChange":true,"stats":"{\"numRecords\":5,\"minValues\":{\"eventdatetime\":\"2020-02-26T09:40:40.6603931-06:0\",\"customername\":\"idicustomer 91\",\"address\":\"1435 Lake cook rd\",\"city\":\"deerfield\",\"state\":\"IL\",\"zip\":\"60015\"},\"maxValues\":{\"eventdatetime\":\"2020-02-26T09:40:40.9531881-06:0�\",\"customername\":\"idicustomer 95\",\"address\":\"1435 Lake cook rd\",\"city\":\"deerfield\",\"state\":\"IL\",\"zip\":\"60015\"},\"nullCount\":{\"eventdatetime\":0,\"customername\":0,\"address\":0,\"city\":0,\"state\":0,\"zip\":0}}"}}
